{
  "trial_number": 4,
  "params": {
    "hidden_size": 160,
    "num_layers": 4,
    "dropout": 0.10867552625591813,
    "learning_rate": 1.1410737709432416e-05,
    "batch_size": 32,
    "num_epochs": 27,
    "optimizer": "Adam"
  },
  "metrics": {
    "val_accuracy": 0.9650352930140937,
    "val_precision": 0.9663174560908167,
    "val_recall": 0.9650352930140937,
    "val_f1": 0.965011264470033,
    "val_loss": 0.08463540819377673,
    "train_losses": [
      0.37147380234779187,
      0.1341005979881196,
      0.12131293659445924,
      0.11683488906314668,
      0.11309563665344487,
      0.11037459442704504,
      0.10847166223639122,
      0.10644125870769419,
      0.10559407595110201,
      0.104351889333422,
      0.10250355049998314,
      0.10184831299808346,
      0.09962763176884001,
      0.09972960461748356,
      0.09766765364661151,
      0.09657827968432821,
      0.09573133204969977,
      0.09463329272997885,
      0.09389253128752734,
      0.09334346073821433,
      0.09214146442255612,
      0.0913595465880288,
      0.09031618462067026,
      0.08983026530281944,
      0.08860344308493903,
      0.08804977177242099,
      0.08632838674949737
    ]
  },
  "mlflow_run_id": "89d4fa8fbf7f4d178577bfe4a8a087a4"
}