{
  "trial_number": 4,
  "params": {
    "hidden_size": 224,
    "num_layers": 1,
    "dropout": 0.3734286868715204,
    "learning_rate": 0.0002935944124124942,
    "batch_size": 128,
    "num_epochs": 27,
    "optimizer": "Adam"
  },
  "metrics": {
    "val_accuracy": 0.9844422299079665,
    "val_precision": 0.9795652885422244,
    "val_recall": 0.9788733220001172,
    "val_f1": 0.9788656935031045,
    "val_loss": 0.05310990594563948,
    "train_losses": [
      0.12209192397263069,
      0.09606790473359754,
      0.08670408591868392,
      0.08068178431875854,
      0.0758945890055285,
      0.07222073075072945,
      0.06844293869503286,
      0.06465202324645267,
      0.06180111153579618,
      0.059662105339937516,
      0.058153266113358505,
      0.0562390476588472,
      0.055085419247780744,
      0.05401845690546766,
      0.05308150901003696,
      0.051557483584266324,
      0.05101200622949595,
      0.050197819277072,
      0.04960146355701456,
      0.048078648953455635,
      0.04743596221593308,
      0.047661442827221664
    ],
    "epochs_trained": 22
  },
  "mlflow_run_id": "75e0951b9a3b49a185b92fc850f4a27e"
}