{
  "trial_number": 8,
  "params": {
    "hidden_size": 224,
    "num_layers": 2,
    "dropout": 0.4093086094508068,
    "learning_rate": 7.509205204665977e-05,
    "batch_size": 128,
    "num_epochs": 37,
    "optimizer": "SGD"
  },
  "metrics": {
    "val_accuracy": 0.9634992847595151,
    "val_precision": 0.9650331199717147,
    "val_recall": 0.9634992847595151,
    "val_f1": 0.9634691875451619,
    "val_loss": 0.08941755408551678,
    "train_losses": [
      0.6031109119752508,
      0.24544928382579917,
      0.16700559993123945,
      0.15071807759526085,
      0.14277097414222162,
      0.13834330183365884,
      0.13541585950141805,
      0.1331359533372488,
      0.13100634607444425,
      0.12933137904831965,
      0.1281542833393603,
      0.12682456789998423,
      0.12499571209113806,
      0.12466042023945748,
      0.12306580021552906,
      0.12291062644993765,
      0.12183342897043078,
      0.1206664409881064,
      0.11962271311847233,
      0.11879661807129137,
      0.11783539211759045,
      0.11727387207009264,
      0.11637717599497839,
      0.11551840415735654,
      0.11538423024962044,
      0.11449763269857499,
      0.11410713983673924,
      0.11268296930759268,
      0.11233413275579082,
      0.11167623900877799,
      0.11038688530710303,
      0.11044904430057613,
      0.1091689038338531,
      0.10896545641121404,
      0.10862569886842458,
      0.10719457555149568,
      0.10671319587170253
    ]
  },
  "mlflow_run_id": "abda1e52883340c888e16418505dcd85"
}