{
  "trial_number": 8,
  "params": {
    "hidden_size": 128,
    "num_layers": 3,
    "dropout": 0.3651134115904507,
    "learning_rate": 0.00041130366951042606,
    "batch_size": 32,
    "num_epochs": 35,
    "optimizer": "RMSprop"
  },
  "metrics": {
    "val_accuracy": 0.9876897825194911,
    "val_precision": 0.9799427484700745,
    "val_recall": 0.9797174511987807,
    "val_f1": 0.97971507326414,
    "val_loss": 0.08182057292516641,
    "train_losses": [
      0.12661370102711428,
      0.10312272129203058,
      0.09499595121726083,
      0.09066993719269296,
      0.08654082637571077,
      0.08200605639175683,
      0.07948586208645893,
      0.07614555606310454,
      0.07330180522379348,
      0.07044929827084702,
      0.06901702899407218,
      0.06776801649669344,
      0.06624556176534366,
      0.06497866691934645,
      0.06423716086258294,
      0.06271296718770412,
      0.06214583442603325,
      0.061046647908170916,
      0.0607214920470095,
      0.060150777776235224,
      0.059754409336691225,
      0.059183395132901585,
      0.058939933142841155,
      0.05813104801104176,
      0.05783622484884211,
      0.057228909644840655,
      0.056742442008710564,
      0.05560047844974354,
      0.05625840074538442,
      0.0551560715128184,
      0.05530314424013048,
      0.05446360746344384,
      0.05435233525675422,
      0.05381611834497863,
      0.0536311360784575
    ],
    "epochs_trained": 35
  },
  "mlflow_run_id": "98d55f546eff42aea4039c61d63e4309"
}