{
  "trial_number": 3,
  "params": {
    "hidden_size": 224,
    "num_layers": 3,
    "dropout": 0.29551964679212006,
    "learning_rate": 0.0008139957471437943,
    "batch_size": 128,
    "num_epochs": 30,
    "optimizer": "RMSprop"
  },
  "metrics": {
    "val_accuracy": 0.9737588818797926,
    "val_precision": 0.9740386901262915,
    "val_recall": 0.9737588818797926,
    "val_f1": 0.9737550166886152,
    "val_loss": 0.06187335308724162,
    "train_losses": [
      0.1257346377707868,
      0.10017735547438819,
      0.09477239907714703,
      0.09187427856659544,
      0.0916672649987655,
      0.09026213473751492,
      0.08921912161157416,
      0.08914849665578593,
      0.08904358446592812,
      0.08666870099418361,
      0.0875122674764585,
      0.08713916003170913,
      0.08492705418271727,
      0.08593573573168446,
      0.08545718606478989,
      0.08506147693330905,
      0.08332932654016746,
      0.08293823447469743,
      0.08258640512372623,
      0.08139724579319621,
      0.08195090460437084,
      0.08151199455105775,
      0.0798721953398456,
      0.07937767548841555,
      0.0799681268028501,
      0.07822886762449648,
      0.07860419024187068,
      0.0785156376768995,
      0.07721915585421273,
      0.07681776118551693
    ]
  },
  "mlflow_run_id": "622a972f03284104b3b6a282cda30de5"
}