{
  "trial_number": 3,
  "params": {
    "hidden_size": 256,
    "num_layers": 3,
    "dropout": 0.2974309979586386,
    "learning_rate": 0.0012496570112072243,
    "batch_size": 128,
    "num_epochs": 30,
    "optimizer": "RMSprop"
  },
  "metrics": {
    "val_accuracy": 0.9817222580456064,
    "val_precision": 0.9817378968070815,
    "val_recall": 0.9817222580456064,
    "val_f1": 0.9817221090837595,
    "val_loss": 0.05168183205171718,
    "train_losses": [
      0.13009842065787333,
      0.1024991493912824,
      0.09576589389841919,
      0.0905587870146633,
      0.08707730073812703,
      0.08470014332104145,
      0.08210757351079896,
      0.08095699198573222,
      0.07825063480205768,
      0.07698929722228467,
      0.07548842938728047,
      0.07433012048850492,
      0.07299543874116668,
      0.072337599583191,
      0.07156547356566857,
      0.07146410895268196,
      0.0698879613925125,
      0.06987957129345898,
      0.0688039258892058,
      0.06843297617194405,
      0.06789135621567527,
      0.06710709700880459,
      0.06672261027730417,
      0.06611797263380889,
      0.06541896310726246,
      0.06484504249965072,
      0.06455088820463044,
      0.064290174526268,
      0.06351934324678968,
      0.06326407337244196
    ],
    "epochs_trained": 30
  },
  "mlflow_run_id": "ef98fafbb50049d8b7a38333d69f257f"
}