{
  "trial_number": 3,
  "params": {
    "hidden_size": 256,
    "num_layers": 2,
    "dropout": 0.28342280460530983,
    "learning_rate": 0.00015161694555124104,
    "batch_size": 64,
    "num_epochs": 29,
    "optimizer": "Adam"
  },
  "metrics": {
    "val_accuracy": 0.988920804267542,
    "val_precision": 0.9889983324781237,
    "val_recall": 0.988920804267542,
    "val_f1": 0.9889203642855233,
    "val_loss": 0.03163324164326037,
    "train_losses": [
      0.1260775233174216,
      0.10182740620937845,
      0.09399149340264487,
      0.08766952735761935,
      0.08035949986159256,
      0.07469847300413687,
      0.07006385497057473,
      0.06735191677200647,
      0.06478125672644061,
      0.06232758985557765,
      0.0594107998709005,
      0.05773371370337826,
      0.05502893671051261,
      0.05433765818048894,
      0.05225057951130225,
      0.05225578426477766,
      0.05094278350288937,
      0.05117023984952235,
      0.050011344705275976,
      0.04940919614196444,
      0.04812661547892633,
      0.048465584978177524,
      0.04781775228597109,
      0.04750871779751336,
      0.046204489681368525,
      0.04613389394524587,
      0.046345831707001184,
      0.04615778114786905,
      0.044843532640747676
    ],
    "epochs_trained": 29
  },
  "mlflow_run_id": "44ef4543ae38426db3e9f8331d61d082"
}