{
  "trial_number": 0,
  "params": {
    "hidden_size": 128,
    "num_layers": 1,
    "dropout": 0.40738949756688925,
    "learning_rate": 3.6239339538422745e-05,
    "batch_size": 32,
    "num_epochs": 34,
    "optimizer": "Adam"
  },
  "metrics": {
    "val_accuracy": 0.9808409352062473,
    "val_precision": 0.9808637954023516,
    "val_recall": 0.9808409352062473,
    "val_f1": 0.98084070907838,
    "val_loss": 0.04557752308113622,
    "train_losses": [
      0.20796074922245908,
      0.12678814201488994,
      0.11872050390575138,
      0.11386563044789508,
      0.10838091168483756,
      0.10441131673339449,
      0.10107224946598266,
      0.0974719124334678,
      0.09436143376066067,
      0.0921647037169692,
      0.089734556938469,
      0.08752296993790114,
      0.08559178917783912,
      0.08365769055533478,
      0.08163901048377983,
      0.08038094356442205,
      0.07872448883602204,
      0.07755135978796104,
      0.0760260245924431,
      0.0748675839097621,
      0.07345545267827211,
      0.07260214601721034,
      0.07141534438465386,
      0.070493162474017,
      0.06927938256594354,
      0.06837621191904679,
      0.06758512648233111,
      0.06657983319560848,
      0.06514729287262236,
      0.06458703268799845,
      0.06334306162681537,
      0.06303141613450042,
      0.06244203190079409,
      0.06143021674503499
    ]
  },
  "mlflow_run_id": "4e77a6680f81460da4f8f90398d00782"
}