{
  "trial_number": 0,
  "params": {
    "hidden_size": 192,
    "num_layers": 2,
    "dropout": 0.26442795153328424,
    "learning_rate": 0.0034852227276536882,
    "batch_size": 64,
    "num_epochs": 32,
    "optimizer": "RMSprop"
  },
  "metrics": {
    "val_accuracy": 0.9764933466205522,
    "val_precision": 0.9765529592709777,
    "val_recall": 0.9764933466205522,
    "val_f1": 0.9764926098986666,
    "val_loss": 0.0566353143330989,
    "train_losses": [
      0.13237377337226494,
      0.10600995738313825,
      0.09781520690527891,
      0.0939097266666699,
      0.09093147820008506,
      0.08839615646628453,
      0.08583764337595415,
      0.08416466063545071,
      0.08272817674298079,
      0.08139747714790758,
      0.08072733022433547,
      0.07984442067455344,
      0.07831162133106627,
      0.07684052094526685,
      0.0762081099089783,
      0.07573438171226939,
      0.07469250925646652,
      0.07412724555784483,
      0.0735885390801463,
      0.07262648441544299,
      0.07236049580672259,
      0.0714892667032654,
      0.07132846313074659,
      0.07089260857306358,
      0.07064840611558142,
      0.07020200595624727,
      0.06952973313820908,
      0.06846862275131313,
      0.0681189269006179,
      0.06783086021673727,
      0.06736586221373622,
      0.0670948099903229
    ],
    "epochs_trained": 32
  },
  "mlflow_run_id": "7e08870670d64bcc8b793527e1d11912"
}