{
  "trial_number": 0,
  "params": {
    "hidden_size": 256,
    "num_layers": 2,
    "dropout": 0.47896633023726315,
    "learning_rate": 0.0012389786587119291,
    "batch_size": 128,
    "num_epochs": 24,
    "optimizer": "RMSprop"
  },
  "metrics": {
    "val_accuracy": 0.9803857201477226,
    "val_precision": 0.9805111329990737,
    "val_recall": 0.9803857201477226,
    "val_f1": 0.9803844383427422,
    "val_loss": 0.050375481855114805,
    "train_losses": [
      0.12464763277623551,
      0.10375532831822992,
      0.09621101607975828,
      0.09199047428683058,
      0.08879817111576366,
      0.08547694457401417,
      0.08384073329992126,
      0.08134872491600237,
      0.08017295682222592,
      0.07851031980581336,
      0.07740577756042796,
      0.07594566736185034,
      0.07434441797883351,
      0.07354809488521716,
      0.07189168851609998,
      0.07181741071107327,
      0.0700785169207979,
      0.06930425634588581,
      0.06827492060145765,
      0.06761354503810998,
      0.06623005909542777,
      0.06555167714815506,
      0.0649841649718343,
      0.06440266137884651
    ],
    "epochs_trained": 24
  },
  "mlflow_run_id": "7de3f8e9010842388b58dcb51734d408"
}