{
  "trial_number": 9,
  "params": {
    "hidden_size": 64,
    "num_layers": 2,
    "dropout": 0.36836126323004176,
    "learning_rate": 0.0012290029916815631,
    "batch_size": 32,
    "num_epochs": 35,
    "optimizer": "Adam"
  },
  "metrics": {
    "val_accuracy": 0.9810188170467202,
    "val_precision": 0.9755615480524368,
    "val_recall": 0.9751685327393165,
    "val_f1": 0.9751634056440996,
    "val_loss": 0.07509295676012376,
    "train_losses": [
      0.14194488117749834,
      0.11384141141050151,
      0.1071470845658392,
      0.10072086241554433,
      0.09735752317397121,
      0.09325780699836611,
      0.09090369641069634,
      0.0887408179659591,
      0.08762670767761563,
      0.08628028731305044,
      0.08450630919991355,
      0.08354818119859873,
      0.08160158854189038,
      0.07955760378671295,
      0.07899419088931035,
      0.07830834797788651,
      0.07700491498690099,
      0.07603316791445448,
      0.07453415615145728,
      0.07401199524249309,
      0.07358361049313802,
      0.0724659232725539,
      0.07126641457335547,
      0.07061923990833537,
      0.07062300988858554,
      0.06938588415056174,
      0.0692420376871991,
      0.06956376345191635,
      0.0672703619167273,
      0.06782317723355696,
      0.06775389908211399,
      0.0675239907010156,
      0.06667236419232904,
      0.06612236773858365,
      0.06669509498974446
    ],
    "epochs_trained": 35
  },
  "mlflow_run_id": "7a492337d81545a994cff729c35ae1d4"
}