{
  "trial_number": 9,
  "params": {
    "hidden_size": 128,
    "num_layers": 3,
    "dropout": 0.5710830286474847,
    "learning_rate": 0.0043832089245829185,
    "batch_size": 16,
    "num_epochs": 15,
    "optimizer": "Adam"
  },
  "metrics": {
    "val_accuracy": 0.5000117252538517,
    "val_precision": 0.2500117253913333,
    "val_recall": 0.5000117252538517,
    "val_f1": 0.33334636147463853,
    "val_loss": 0.6931905572072778,
    "train_losses": [
      0.693942326490821,
      0.6933198173729033,
      0.6933565610704223,
      0.6933405536079208,
      0.6933385091144582,
      0.6933348493681851,
      0.6933577248632108,
      0.6933317650398533,
      0.6933387166214234,
      0.6933574261164318,
      0.6933419578701595,
      0.6933427145649971,
      0.6933514947091587,
      0.693341624488573,
      0.6933563216647416
    ]
  },
  "mlflow_run_id": "d7ecb8d506af46bea73b034b3f3d9d60"
}