{
  "trial_number": 2,
  "params": {
    "hidden_size": 64,
    "num_layers": 3,
    "dropout": 0.40064157516314697,
    "learning_rate": 0.00012788132343401613,
    "batch_size": 128,
    "num_epochs": 32,
    "optimizer": "RMSprop"
  },
  "metrics": {
    "val_accuracy": 0.9774078199191043,
    "val_precision": 0.9774199522035463,
    "val_recall": 0.9774078199191043,
    "val_f1": 0.97740767570558,
    "val_loss": 0.05868754447331276,
    "train_losses": [
      0.19397368593398973,
      0.13204817128969637,
      0.12242214470260276,
      0.11598915440251997,
      0.110372491572741,
      0.10747363356367305,
      0.10542789139759419,
      0.10270666740999417,
      0.10108698562432943,
      0.09978246636294918,
      0.09825871282966861,
      0.09704122491636825,
      0.09572528101282249,
      0.0941312500347542,
      0.09379427537259906,
      0.09224947265463872,
      0.09181626138235802,
      0.09118824004670276,
      0.08979032977590475,
      0.08974458481536256,
      0.08833952524959053,
      0.0871940615317422,
      0.08659576539865806,
      0.08618781026497699,
      0.08485952917938615,
      0.08522926705267649,
      0.08312169387629645,
      0.08320982266573829,
      0.08238259428308024,
      0.08190832999248546,
      0.08115004461814149,
      0.08052501794036142
    ],
    "epochs_trained": 32
  },
  "mlflow_run_id": "1bd20b2f422747ce9ef50ffd8618b5ae"
}