{
  "trial_number": 2,
  "params": {
    "hidden_size": 160,
    "num_layers": 1,
    "dropout": 0.6060365018332794,
    "learning_rate": 0.003042243873175265,
    "batch_size": 128,
    "num_epochs": 37,
    "optimizer": "RMSprop"
  },
  "metrics": {
    "val_accuracy": 0.9664188729685997,
    "val_precision": 0.9669337549070587,
    "val_recall": 0.9664188729685997,
    "val_f1": 0.9664096265865574,
    "val_loss": 0.08653881628800261,
    "train_losses": [
      0.1389095420614936,
      0.12807751917318067,
      0.1237853825869778,
      0.12023007835051361,
      0.11394893247135156,
      0.11202811891266518,
      0.10843574226378776,
      0.10566021123774402,
      0.10207760759808214,
      0.0997445423005429,
      0.09835102866282168,
      0.09669539059322481,
      0.09587478566058102,
      0.09545030264708707,
      0.09415310062376335,
      0.09377661350901616,
      0.09319798915150537,
      0.09229888998976211,
      0.09204456110644786,
      0.09180472653671537,
      0.09140803134370577,
      0.09110195614519688,
      0.0913214528887468,
      0.09019091815619733,
      0.09041786686616463,
      0.08982686253376722,
      0.08982517769934405,
      0.08990274745405004,
      0.08973161902750013,
      0.08938091141074701,
      0.08889699092235993,
      0.08880768896167442,
      0.08865120369225583,
      0.08854775382565787,
      0.08804306895407626,
      0.08731394470418043,
      0.08733827259166989
    ]
  },
  "mlflow_run_id": "69180d75bf12418ea6c419444ccf251b"
}