{
  "trial_number": 2,
  "params": {
    "hidden_size": 256,
    "num_layers": 2,
    "dropout": 0.45760831318272044,
    "learning_rate": 0.00027362019097082024,
    "batch_size": 64,
    "num_epochs": 39,
    "optimizer": "RMSprop"
  },
  "metrics": {
    "val_accuracy": 0.9881118471188229,
    "val_precision": 0.986519640092628,
    "val_recall": 0.9864939328213846,
    "val_f1": 0.9864937549903187,
    "val_loss": 0.043857556377228914,
    "train_losses": [
      0.12705788059868336,
      0.09890676718444782,
      0.09096284658424227,
      0.08560043393253945,
      0.08053707992725398,
      0.07667597179279372,
      0.07280760176015279,
      0.07090444288944969,
      0.06859712580000304,
      0.06761908239136237,
      0.06546316329169707,
      0.06465551770014098,
      0.0634935786427108,
      0.06217046885466139,
      0.06124432794117126,
      0.0603063616239641,
      0.05942250403862052,
      0.05893832313599083,
      0.058446677654490874,
      0.05755213135010241,
      0.057186965132375485,
      0.05682856474882905,
      0.05655074495069048,
      0.056176362360142236,
      0.054707230342122715,
      0.05472732836753429,
      0.05403558236202061,
      0.05418040319145627,
      0.05428960152919583,
      0.05366672369996999,
      0.05305641751158631,
      0.05361271113422295,
      0.052445727637458,
      0.05169737231238278,
      0.051638702377446756
    ],
    "epochs_trained": 35
  },
  "mlflow_run_id": "74b64df4c9424e4ba8a1bce5c4ecb737"
}