{
  "trial_number": 7,
  "params": {
    "hidden_size": 64,
    "num_layers": 2,
    "dropout": 0.372784475381212,
    "learning_rate": 0.0003491539911877273,
    "batch_size": 32,
    "num_epochs": 34,
    "optimizer": "RMSprop"
  },
  "metrics": {
    "val_accuracy": 0.9862125564218301,
    "val_precision": 0.9832006944164686,
    "val_recall": 0.9830705199601384,
    "val_f1": 0.9830693780238722,
    "val_loss": 0.0521703481372283,
    "train_losses": [
      0.1527696766255729,
      0.12159606413361751,
      0.1105484922842491,
      0.10277550930682858,
      0.09797044501387607,
      0.09507716226614592,
      0.09113608965731804,
      0.08911003028959713,
      0.08694009776700698,
      0.08409560026291764,
      0.08164076599194384,
      0.07930651170671753,
      0.07809680286163038,
      0.07718359693758327,
      0.07550532068485256,
      0.07387324948521883,
      0.0733972623617309,
      0.07166650731946039,
      0.07130953343670293,
      0.07078076147744237,
      0.0700036135090027,
      0.06887443111076168,
      0.06894800356447763,
      0.06781161439010254,
      0.06778491396275221,
      0.06618666009555595,
      0.06609417375031532,
      0.06590895358143843,
      0.06477608566593163,
      0.06434136984745,
      0.06430504704761758,
      0.06358444248171713,
      0.06367239395494893,
      0.0625848947503994
    ],
    "epochs_trained": 34
  },
  "mlflow_run_id": "ee8a515abec1414486a0986628100ee8"
}