{
  "trial_number": 7,
  "params": {
    "hidden_size": 64,
    "num_layers": 3,
    "dropout": 0.4810444109591929,
    "learning_rate": 0.0002319076799406185,
    "batch_size": 64,
    "num_epochs": 44,
    "optimizer": "SGD"
  },
  "metrics": {
    "val_accuracy": 0.963686888821143,
    "val_precision": 0.9644103145677756,
    "val_recall": 0.963686888821143,
    "val_f1": 0.9636727592640519,
    "val_loss": 0.1002673199841339,
    "train_losses": [
      0.6969393497686772,
      0.6932700366507735,
      0.6932705337043475,
      0.6932705604806764,
      0.6932611097926467,
      0.69326526090468,
      0.6932779681223536,
      0.6932464604142375,
      0.6932852167927555,
      0.6932466857656998,
      0.6932416314844514,
      0.6932651509530617,
      0.6932684298266608,
      0.6932420635474477,
      0.6932360587831919,
      0.6932308141782129,
      0.693202518709546,
      0.6931551388772663,
      0.6930488784296527,
      0.6928140271159459,
      0.6921004132975699,
      0.673170289787049,
      0.3414460560965024,
      0.19051174768826587,
      0.17365726319226515,
      0.16390776044665684,
      0.1591415156220456,
      0.15510774029514512,
      0.15173629194286026,
      0.14863338381988206,
      0.14729140328634352,
      0.14524529908488518,
      0.14263300264629467,
      0.1419301133220116,
      0.13999862259210286,
      0.1393337731456799,
      0.136867703347076,
      0.13629652160240888,
      0.13584120545749065,
      0.1345249207031342,
      0.13226085522861447,
      0.1322493793853364,
      0.13044978679806252,
      0.12981021543167365
    ]
  },
  "mlflow_run_id": "5b9374621d734aea9151bae35cae4492"
}