{
  "trial_number": 5,
  "params": {
    "hidden_size": 64,
    "num_layers": 3,
    "dropout": 0.3028581749887757,
    "learning_rate": 0.002969978715176121,
    "batch_size": 64,
    "num_epochs": 30,
    "optimizer": "RMSprop"
  },
  "metrics": {
    "val_accuracy": 0.9728002813763995,
    "val_precision": 0.9719919023505743,
    "val_recall": 0.9717802919280145,
    "val_f1": 0.9717771322107128,
    "val_loss": 0.10023350766314988,
    "train_losses": [
      0.1363139800532718,
      0.11335571050573548,
      0.10637933246295755,
      0.1029879060934726,
      0.09893907989795286,
      0.09652333691412242,
      0.09419930949215732,
      0.09222709931241546,
      0.09102315287355789,
      0.08917628553365821,
      0.08806243018401409,
      0.08681943401412805,
      0.08539929532276024,
      0.08522783300163332,
      0.08433296580460534,
      0.08405662583504651,
      0.08306383536451038,
      0.0823580296187949,
      0.08233584171382656,
      0.08161114580832703,
      0.08147940020910928,
      0.08098411741363291,
      0.08051569106340277,
      0.08028785913607699,
      0.08002628340341683,
      0.07918240945203038,
      0.07908030543427681,
      0.0789917539484751,
      0.07861316015362182,
      0.07836444176249865
    ],
    "epochs_trained": 30
  },
  "mlflow_run_id": "6c71060601b94eecbf959ca3acc70e6e"
}