{
  "trial_number": 5,
  "params": {
    "hidden_size": 160,
    "num_layers": 4,
    "dropout": 0.47280673631198455,
    "learning_rate": 0.005400654629028388,
    "batch_size": 32,
    "num_epochs": 31,
    "optimizer": "SGD"
  },
  "metrics": {
    "val_accuracy": 0.5000117252538517,
    "val_precision": 0.2500117253913333,
    "val_recall": 0.5000117252538517,
    "val_f1": 0.33334636147463853,
    "val_loss": 0.6934716279177583,
    "train_losses": [
      0.6988865628207226,
      0.6956199997586351,
      0.6944276208001248,
      0.6939594102246995,
      0.6936662766852748,
      0.6935360140811593,
      0.693523060758931,
      0.6934552694336855,
      0.6934160409330967,
      0.6934024691629643,
      0.6934078095455494,
      0.6933801961976315,
      0.693386082528862,
      0.6933389388247024,
      0.6933975824110664,
      0.6933705723163964,
      0.6933815065989666,
      0.6933792015250564,
      0.6933794652824378,
      0.6933862202918283,
      0.693363429265866,
      0.6933423217416854,
      0.6933633244701766,
      0.693357972659255,
      0.6933592987631724,
      0.6933487864234112,
      0.6933779421942498,
      0.6933586654799938,
      0.6933378186273041,
      0.693315667396516,
      0.6933917807405694
    ]
  },
  "mlflow_run_id": "16dd6c3739334ab483b1896bc98b8284"
}