{
  "trial_number": 1,
  "params": {
    "hidden_size": 96,
    "num_layers": 2,
    "dropout": 0.27446381964534805,
    "learning_rate": 0.0009188905063123262,
    "batch_size": 64,
    "num_epochs": 18,
    "optimizer": "Adam"
  },
  "metrics": {
    "val_accuracy": 0.9795884870156516,
    "val_precision": 0.9796224751184044,
    "val_recall": 0.9795884870156516,
    "val_f1": 0.9795881264260683,
    "val_loss": 0.050972689379377614,
    "train_losses": [
      0.1255115342792872,
      0.10336438513718774,
      0.09751708296710068,
      0.09308354224136751,
      0.08919480003295256,
      0.08676542354009482,
      0.08459978530778987,
      0.08177722112700145,
      0.07971347395672801,
      0.07778488867500666,
      0.07527193473929006,
      0.07331730237103762,
      0.07256513772475447,
      0.07063481061750428,
      0.06981140129733082,
      0.06813761977119696,
      0.06725848029387091,
      0.06552362433343473
    ],
    "epochs_trained": 18
  },
  "mlflow_run_id": "ea3af05734014c97bd8f0ed082f9521b"
}