{
  "trial_number": 1,
  "params": {
    "hidden_size": 128,
    "num_layers": 3,
    "dropout": 0.34553579440525706,
    "learning_rate": 0.00027585871145295864,
    "batch_size": 32,
    "num_epochs": 44,
    "optimizer": "RMSprop"
  },
  "metrics": {
    "val_accuracy": 0.982048636352977,
    "val_precision": 0.9822179380347114,
    "val_recall": 0.982048636352977,
    "val_f1": 0.9820470645975026,
    "val_loss": 0.04745923739747375,
    "train_losses": [
      0.15406896001843892,
      0.10468334665633387,
      0.09551495750280013,
      0.088614083048986,
      0.08274125689124778,
      0.07701417125876961,
      0.07293762350132232,
      0.06934770315947912,
      0.06712323567006331,
      0.0643009956129684,
      0.0632550701635644,
      0.06205661788129869,
      0.06010738205693935,
      0.05909083055859527,
      0.05756452892664119,
      0.057025774161470276,
      0.055354123151506354,
      0.05495445056846147,
      0.05403981958211403,
      0.05295017494435258,
      0.052620700423762636,
      0.052409248459130225,
      0.05125776784177786,
      0.05030617893279273,
      0.05023429637169314,
      0.04987823948655483,
      0.048546060429542626,
      0.048699238538984536,
      0.0470040100943142,
      0.04745659638449089,
      0.04701860364980529,
      0.046306071951347366,
      0.04550431568821281,
      0.04504624824404167,
      0.04530611919150516,
      0.04479435085735332,
      0.044754003785523716,
      0.04357739060364193,
      0.04451260235962104,
      0.044730598134048595,
      0.04370218006073587,
      0.04378711867499923,
      0.04334398278836289,
      0.04275032638806447
    ]
  },
  "mlflow_run_id": "181a1b8ce1574e9aa2dbf0dc1de8dd92"
}