{
  "trial_number": 1,
  "params": {
    "hidden_size": 64,
    "num_layers": 2,
    "dropout": 0.44610183558141464,
    "learning_rate": 0.006582962066574694,
    "batch_size": 128,
    "num_epochs": 17,
    "optimizer": "Adam"
  },
  "metrics": {
    "val_accuracy": 0.9690720440823026,
    "val_precision": 0.9659107553545987,
    "val_recall": 0.9659065595873146,
    "val_f1": 0.9659064822080934,
    "val_loss": 0.08363404486343036,
    "train_losses": [
      0.14987217836812666,
      0.12856852854841608,
      0.1187522840620261,
      0.11332456436280725,
      0.11095602789166056,
      0.10822887974716364,
      0.10668688538062036,
      0.10441334785278168,
      0.1035158595063505,
      0.1021846847388582,
      0.10166948349851444,
      0.10057774281883133,
      0.09986890800487418,
      0.09879376585752526,
      0.09810789683369554,
      0.0973392395340086,
      0.09664811953854331
    ],
    "epochs_trained": 17
  },
  "mlflow_run_id": "68d0c59b56dc45b5820208fbf5ca8b05"
}