{
  "trial_number": 6,
  "params": {
    "hidden_size": 224,
    "num_layers": 1,
    "dropout": 0.41565876628941856,
    "learning_rate": 0.004318188195930973,
    "batch_size": 32,
    "num_epochs": 28,
    "optimizer": "RMSprop"
  },
  "metrics": {
    "val_accuracy": 0.9768895246582089,
    "val_precision": 0.976897925416501,
    "val_recall": 0.9768895246582089,
    "val_f1": 0.976889421717549,
    "val_loss": 0.0496693958758092,
    "train_losses": [
      0.12831373566659637,
      0.11677221116314954,
      0.10781689740697795,
      0.10089400319901275,
      0.09684388343373494,
      0.09303255735182481,
      0.08966633684098878,
      0.08742676731809039,
      0.08440418475347318,
      0.08163325672928268,
      0.08040304852086856,
      0.07870383436597364,
      0.07696130094999276,
      0.07574169115404313,
      0.07493350602953691,
      0.07351551671631171,
      0.07272930806259088,
      0.07126903260040168,
      0.0706180970238824,
      0.07014727403388123,
      0.0691639134670148,
      0.06834420554548785,
      0.06749761924105163,
      0.06735899876066707,
      0.06602479930576564,
      0.0663707533600906,
      0.06601075674215491,
      0.06662492926601173
    ]
  },
  "mlflow_run_id": "e080afe005074b28a2cda6ab10aa7572"
}