{
  "trial_number": 6,
  "params": {
    "hidden_size": 224,
    "num_layers": 2,
    "dropout": 0.45614303394538525,
    "learning_rate": 0.00022508202096185566,
    "batch_size": 64,
    "num_epochs": 35,
    "optimizer": "Adam"
  },
  "metrics": {
    "val_accuracy": 0.9903511342986107,
    "val_precision": 0.990390271838085,
    "val_recall": 0.9903511342986107,
    "val_f1": 0.9903509412680092,
    "val_loss": 0.029287687617753907,
    "train_losses": [
      0.1330312998534908,
      0.10288852189616615,
      0.09235561627623629,
      0.08643048169762135,
      0.0809559387842888,
      0.0769916864535382,
      0.07349476258377499,
      0.06975829562315848,
      0.06640985391022812,
      0.06378683514692884,
      0.06183816447616439,
      0.06067535367906071,
      0.059756642496276956,
      0.05749458170321772,
      0.05613842351271148,
      0.05567221902483506,
      0.05492488559247223,
      0.05321065607864436,
      0.053092618059314346,
      0.053073695902924135,
      0.051979093878713196,
      0.05133832183433884,
      0.05076215204260038,
      0.05066500398338532,
      0.04965348436361786,
      0.05046989447292176,
      0.048693219256145434,
      0.048823836542481555,
      0.04925718198550636,
      0.048044058080901876,
      0.04823627224307783,
      0.04791317574172266,
      0.04774222606663903,
      0.04684652552974904,
      0.046207788904341913
    ],
    "epochs_trained": 35
  },
  "mlflow_run_id": "125d078fbaba4c278c65a605251c8c07"
}